title,author_name,first_publish_year,language,edition_count,author_key,cover_edition_key,cover_i,ebook_access,has_fulltext,key,public_scan_b,ia,ia_collection,cover_height,cover_width,lending_edition_s,lending_identifier_s,subtitle
"Hands-On Machine Learning with Scikit-Learn, Keras, and TensorFlow",Aurélien Géron,2019,eng,4,OL3897679A,OL28003852M,9388208,no_ebook,False,/works/OL20709638W,False,,,,,,,
Machine learning,Kevin P. Murphy; Kevin P. Murphy,2012,eng,4,OL7102592A; OL2898700A,,8063263,printdisabled,True,/works/OL16571885W,False,machinelearningpr00murp,americana; internetarchivebooks; printdisabled,,,,,
Machine learning,Ethem Alpaydin,2016,eng,4,OL1396574A,OL26936724M,12660847,printdisabled,True,/works/OL19723604W,False,machinelearningn0000alpa,internetarchivebooks; printdisabled,,,,,
Why Machines Learn,Anil Ananthaswamy,2024,eng,4,OL659276A,OL51103467M,15139089,no_ebook,False,/works/OL37831042W,False,,,500,331,,,
Introduction to Machine Learning with Python,Andreas C. Mueller; Sarah Guido,2016,eng,2,OL7290414A; OL7290415A,OL25935496M,7435335,printdisabled,True,/works/OL17357597W,False,introductiontoma0000mull,internetarchivebooks; nationaluniversity; printdisabled,,,,,
Introduction to machine learning,Ethem Alpaydin,2004,eng,5,OL1396574A,OL3315489M,149377,borrowable,True,/works/OL5743132W,False,introductiontoma00alpa_0; introductiontoma00alpa_438,inlibrary; internetarchivebooks; printdisabled,,,OL23197794M,introductiontoma00alpa_0,
Machine Learning System Design Interview,Ali Aminian; Alex Xu,2023,eng,1,OL2648871A; OL8392612A,OL46533616M,13213682,no_ebook,False,/works/OL34313663W,False,,,,,,,
Machine Learning,Mg Martin,2019,eng,4,OL11069613A,OL41541807M,13236493,no_ebook,False,/works/OL30078590W,False,,,,,,,
Mathematics for Machine Learning,Marc Peter Deisenroth; A. Aldo Faisal; Cheng Soon Ong,2019,eng,4,OL8005127A; OL8005128A; OL8003883A,OL28332765M,10281784,no_ebook,False,/works/OL20914440W,False,,,,,,,
Machine Learning For Dummies,John Paul Mueller; Luca Massaron,2016,eng,6,OL2729664A; OL7495584A,OL26837449M,8512918,printdisabled,True,/works/OL19546858W,False,machinelearningf0000muel,hamiltonpubliclibrary-ol; internetarchivebooks; printdisabled; universityofarizona-ol,,,,,
The Alignment Problem,Brian Christian,2020,eng,8,OL6890213A,OL32011635M,10678431,no_ebook,False,/works/OL20781447W,False,,,,,,,
The Hundred-Page Machine Learning Book,Andriy Burkov,2019,eng,3,OL8283018A,OL29445278M,10390246,no_ebook,False,/works/OL21654311W,False,,,,,,,
Python machine learning,Sebastian Raschka,2015,eng,4,OL7246580A,OL28209962M,10144350,printdisabled,True,/works/OL19667740W,False,pythonmachinelea0000rasc,internetarchivebooks; printdisabled,,,,,
Machine Learning For Absolute Beginners,Oliver Theobald,2017,eng,3,OL7931150A,OL28147012M,10088182,no_ebook,False,/works/OL20794000W,False,,,500,333,,,
Designing Machine Learning Systems,Chip Huyen,2022,eng,1,OL7518877A,OL36277220M,13314480,no_ebook,False,/works/OL26768541W,False,,,,,,,
Machine Learning,Vincy Joseph Anuradha Srinivasaraghavan,2018,,1,OL9117517A,OL32025571M,10691271,no_ebook,False,/works/OL24227753W,False,,,,,,,
Machine Learning with Pytorch and Scikit-Learn,Sebastian Raschka; Yuxi (Hayden) Liu; Vahid Mirjalili; Dmytro Dzhulgakov,2022,eng,2,OL7246580A; OL7495021A; OL7495683A; OL10269287A,OL37335350M,14758534,no_ebook,False,/works/OL27412373W,False,,,,,,,
Foundations of machine learning,Mehryar Mohri,2012,eng,6,OL7106664A,OL25270107M,8125902,no_ebook,False,/works/OL16585190W,False,,,,,,,
Advances in Financial Machine Learning,Marcos Lopez de Prado,2018,eng,3,OL7801708A,OL27831073M,9224592,no_ebook,False,/works/OL20583340W,False,,,,,,,
Machine learning,Stephen Marsland,2009,eng,9,OL3756600A,OL28678533M,10332285,no_ebook,False,/works/OL9767369W,False,,,,,,,
Machine Learning,Jason Bell,2014,eng,9,OL3045910A,OL27557483M,9012894,no_ebook,False,/works/OL20347411W,False,,,,,,,
Understanding Machine Learning,Shai Shalev-Shwartz; Shai Ben-David,2014,eng,4,OL7402119A; OL7402120A,OL26391360M,8086287,borrowable,True,/works/OL17801808W,False,understandingmac0000shai; understandingmac0000shal,inlibrary; internetarchivebooks; printdisabled,,,OL36649405M,understandingmac0000shai,From Theory to Algorithms
Machine-Learning Basics for Beginners : Machine Learning Methods,Valentin Cholewa,2021,eng,1,OL10629832A,,,no_ebook,False,/works/OL28710463W,False,,,,,,,
AI and Machine Learning for Coders,Laurence Moroney,2020,eng,1,OL2652988A,OL29522848M,14832334,no_ebook,False,/works/OL21697521W,False,,,,,,,
Machine learning for hackers,Drew Conway,2012,eng,4,OL7200680A,,7304855,no_ebook,False,/works/OL16921250W,False,,,,,,,
Grokking Machine Learning,Luis Serrano,2021,eng,2,OL8459156A,OL34136222M,13234753,no_ebook,False,/works/OL25456853W,False,,,,,,,
Machine Learning for Business Analytics,Galit Shmueli; Peter C. Bruce; Amit V. Deokar; Nitin R. Patel,2022,eng,14,OL2730654A; OL2730656A; OL7840637A; OL2730655A,OL39562206M,13286249,no_ebook,False,/works/OL26524232W,False,,,,,,,
Machine Learning,Hugh Howey,2017,eng,3,OL7175318A,OL26775974M,10533875,printdisabled,True,/works/OL19217669W,False,machinelearningn0000howe,internetarchivebooks; printdisabled,,,,,New and Collected Stories
Applied Machine Learning,M. GOPAL,2019,eng,1,OL8183895A,,,no_ebook,False,/works/OL21359864W,False,,,,,,,
Machine Learning,Mohssen Mohammed; Muhammad Badruddin Khan; Ejhab Bashier Mohammed Bashier,2016,eng,6,OL7355153A; OL8153487A; OL8153488A,OL28819453M,13871820,no_ebook,False,/works/OL21285828W,False,,,,,,,
Python machine learning from scratch,Jonathan Adam,2016,eng,1,OL10648126A,OL39474331M,12875009,borrowable,True,/works/OL28761960W,False,pythonmachinelea0000adam,inlibrary; internetarchivebooks; printdisabled,,,OL39474331M,pythonmachinelea0000adam,
Machine learning in action,Peter Harrington,2012,eng,3,OL4847913A,,9798723,printdisabled,True,/works/OL16703378W,False,machinelearningi0000harr_d0e3; machinelearningi0000harr,internetarchivebooks; printdisabled,,,,,
Pattern Recognition and Machine Learning (Information Science and Statistics),Christopher M. Bishop,2008,eng,1,OL452813A,OL7445337M,245089,no_ebook,False,/works/OL2963587W,False,,,,,,,
Machine Learning in Finance,Matthew F. Dixon; Igor Halperin; Paul Bilokon,2020,eng; ger,3,OL7978905A; OL7978906A; OL7978907A,OL28254316M,10183848,no_ebook,False,/works/OL20866204W,False,,,,,,,
Machine Learning,Alexander Jung,2023,eng,1,OL4003474A,OL46061813M,13196165,no_ebook,False,/works/OL34026305W,False,,,,,,,
Artificial Intelligence and Machine Learning,Vinod Chandra; Anand Hareendran,2014,eng,1,OL5532926A; OL10068572A,OL37282895M,13861150,no_ebook,False,/works/OL27394137W,False,,,,,,,
Introduction to Machine Learning,Ethem Alpaydin,2009,eng,5,OL1396574A,OL35353749M,12194563,no_ebook,False,/works/OL17366306W,False,,,,,,,
StatQuest Illustrated Guide to Machine Learning,Joshua Starmer,2022,eng,3,OL10805004A,,,no_ebook,False,/works/OL29209841W,False,,,,,,,
Machine Learning for Beginners,Chris Sebastian,2019,,1,OL8946718A,OL31488641M,10524578,no_ebook,False,/works/OL23745721W,False,,,,,,,
Probabilistic Machine Learning,Kevin P. Murphy,2022,eng,2,OL2898700A,OL46115492M,15226488,no_ebook,False,/works/OL25490741W,False,,,,,,,
First Course in Machine Learning,Simon Rogers; Mark Girolami,2011,eng,11,OL3133875A; OL3154391A,OL34612797M,13198952,printdisabled,True,/works/OL21598239W,False,firstcourseinmac0000roge,internetarchivebooks; printdisabled,,,,,
Gaussian processes for machine learning,Carl Edward Rasmussen,2005,eng,6,OL1435918A,OL3428758M,150601,unclassified,False,/works/OL5850674W,False,gaussianprocesse00rasm_125,,,,,,
Pattern Recognition and Machine Learning,Christopher M. Bishop,2016,,1,OL452813A,OL28032754M,9413468,no_ebook,False,/works/OL20728101W,False,,,,,,,
